Onset,Offset
7.698,7.75
7.783,7.836
7.878,7.94
7.98,8.039
16.914,16.965
17.008,17.066
17.115,17.213
17.222,17.279
17.324,17.375
17.428,17.477
17.536,17.59
17.656,17.701
17.76,17.813
17.878,17.921
17.99,18.055
18.11,18.169
18.224,18.291
18.341,18.395
18.462,18.494
19.081,19.141
19.199,19.255
19.307,19.374
19.424,19.484
19.54,19.6
19.661,19.703
20.512,20.571
20.622,20.683
20.739,20.796
20.853,20.912
42.86,42.883
42.971,43.025
43.071,43.141
43.19,43.247
43.297,43.366
43.42,43.48
43.531,43.584
43.641,43.703
43.757,43.811
47.032,47.097
47.147,47.213
47.267,47.323
56.209,56.266
56.308,56.371
56.42,56.483
56.526,56.596
62.028,62.081
62.126,62.189
62.24,62.308
71.757,71.809
71.86,71.93
71.97,72.038
72.096,72.138
72.292,72.356
72.417,72.469
72.53,72.585
72.766,72.786
72.838,73.468
73.532,73.593
73.65,73.716
73.767,73.831
73.887,73.954
74.215,74.256
74.294,74.345
74.362,74.41
74.428,74.446
74.505,74.583
74.632,74.702
74.75,74.821
74.88,74.976
74.995,75.081
75.116,75.23
75.232,75.321
75.35,75.44
75.472,75.568
75.594,75.678
75.715,75.786
75.838,75.923
75.957,76.047
76.078,76.156
76.198,76.281
76.327,76.433
76.453,76.549
76.574,76.672
76.695,76.791
76.817,77.026
77.074,77.172
77.205,77.283
77.336,77.408
77.475,77.54
77.621,77.74
77.761,77.877
77.921,78.015
78.043,78.114
78.183,78.257
78.307,78.373
78.437,78.507
78.557,78.63
78.683,78.753
78.812,78.874
78.935,78.999
79.059,79.124
79.183,79.248
79.322,79.389
79.442,79.513
79.572,79.653
79.688,79.757
79.818,79.885
79.947,79.997
80.177,80.252
80.323,80.385
80.461,80.485
80.563,80.576
80.577,80.621
80.641,80.707
80.732,80.796
80.853,80.921
80.986,81.045
89.103,89.163
89.205,89.272
89.317,89.372
109.85,109.903
109.951,110.008
110.057,110.119
110.175,110.225
114.121,114.165
114.211,114.267
114.318,114.379
114.429,114.495
114.544,114.6
114.655,114.714
114.767,114.834
114.887,114.954
115.003,115.076
115.12,115.2
115.241,115.33
115.369,115.44
115.498,115.575
115.629,115.705
115.758,115.821
115.88,115.944
115.98,116.041
116.092,116.153
116.205,116.263
116.319,116.372
116.432,116.489
116.551,116.592
117.043,117.098
117.152,117.217
117.274,117.343
117.401,117.458
117.513,117.576
117.632,117.695
117.752,117.823
117.864,117.927
117.982,118.047
118.108,118.165
118.229,118.285
118.461,118.515
118.578,118.637
118.698,118.757
144.009,144.063
144.111,144.206
144.222,144.304
144.342,144.42
144.455,144.521
144.575,144.632
144.678,144.744
144.799,144.85
144.903,144.958
145.029,145.069
145.133,145.197
145.257,145.322
145.369,145.434
145.495,145.543
145.601,145.673
145.732,145.799
145.846,145.918
145.974,146.024
146.082,146.147
146.22,146.271
146.326,146.394
146.455,146.527
146.569,146.636
146.677,146.755
146.796,146.875
146.913,147.01
147.032,147.124
147.162,147.243
147.279,147.359
147.4,147.472
147.514,147.574
147.635,147.714
147.77,147.834
147.895,147.963
148.014,148.078
148.129,148.208
148.249,148.316
148.4,148.439
148.505,148.56
148.617,148.675
159.124,159.135
159.151,159.207
159.259,159.319
164.159,164.216
164.261,164.316
164.368,164.437
164.491,164.537
164.752,164.785
164.841,164.91
164.976,165.031
165.091,165.149
165.204,165.268
165.328,165.378
165.457,165.471
165.542,165.611
165.666,165.731
165.782,165.851
165.914,165.971
166.026,166.094
166.158,166.228
166.282,166.349
166.403,166.482
166.537,166.592
166.656,166.72
166.785,166.836
166.897,166.954
167.016,167.087
167.145,167.205
167.276,167.353
167.441,167.493
167.54,167.604
167.664,167.738
167.789,167.844
167.916,167.979
168.038,168.096
168.154,168.215
168.269,168.333
168.397,168.466
168.528,168.59
168.651,168.721
168.78,168.862
168.916,169.008
169.065,169.169
169.201,169.283
169.329,169.394
169.441,169.513
169.57,169.641
169.691,169.754
169.81,169.872
169.928,169.99
170.05,170.115
170.178,170.238
170.301,170.367
170.438,170.511
170.57,170.632
170.694,170.752
170.814,170.883
171.332,171.359
171.402,171.472
171.529,171.601
171.664,171.747
171.785,171.849
171.915,172.003
172.029,172.094
172.151,172.226
172.285,172.349
172.404,172.464
172.521,172.59
172.648,172.732
172.773,172.86
172.903,172.968
173.019,173.095
173.144,173.215
173.281,173.351
173.402,173.466
173.527,173.595
173.658,173.742
173.803,173.858
173.929,173.987
174.051,174.105
174.724,174.778
174.834,174.899
174.964,175.039
175.088,175.167
196.394,196.458
196.513,196.579
196.638,196.7
227.398,227.466
227.884,227.938
227.983,228.042
228.094,228.156
230.891,230.946
230.99,231.046
231.095,231.159
231.209,231.264
231.317,231.375
231.426,231.485
231.54,231.595
231.65,231.707
231.762,231.819
231.872,231.945
231.987,232.066
232.099,232.192
232.226,232.309
232.343,232.418
232.462,232.535
232.591,232.668
232.716,232.793
232.854,232.907
232.959,233.011
233.074,233.147
233.19,233.272
233.31,233.378
233.426,233.511
233.551,233.631
233.685,233.772
233.806,233.887
233.925,234.008
234.046,234.106
234.176,234.265
234.307,234.399
234.423,234.528
234.552,234.647
234.708,234.793
234.82,234.904
234.939,235.034
235.079,235.151
235.211,235.271
235.337,235.39
235.458,235.519
235.587,235.655
235.719,235.947
236.003,236.083
236.139,236.213
236.254,236.325
236.368,236.444
236.487,236.561
236.613,236.692
236.74,236.827
236.881,236.953
237.007,237.071
237.141,237.196
237.26,237.332
237.395,237.479
237.517,237.61
237.653,237.717
237.733,237.737
237.789,237.874
237.93,238.032
238.075,238.167
238.198,238.286
238.324,238.41
238.443,238.529
238.569,238.644
238.687,238.765
238.819,238.902
238.95,239.03
239.075,239.14
239.208,239.268
239.451,239.522
239.597,239.66
239.722,239.795
239.84,239.908
239.967,240.055
240.099,240.171
240.218,240.286
240.349,240.423
240.482,240.541
240.604,240.66
240.739,240.806
240.873,240.934
241.005,241.05
241.704,241.794
241.857,241.909
241.972,242.047
242.114,242.183
242.244,242.317
242.376,242.468
242.518,242.613
242.647,242.7
242.758,242.822
242.885,242.954
243.008,243.095
243.137,243.211
243.258,243.349
243.402,243.491
243.535,243.617
243.661,243.738
243.78,243.849
243.91,243.985
244.054,244.127
244.196,244.262
244.304,244.374
244.436,244.505
244.565,244.636
244.715,244.781
245.076,245.223
245.495,245.531
245.622,245.698
245.756,245.847
245.916,245.989
246.064,246.133
246.202,246.27
246.276,246.292
246.334,246.409
246.427,246.435
246.47,246.554
246.616,246.694
246.766,246.844
246.905,247.009
247.044,247.148
247.182,247.261
247.306,247.389
247.459,247.539
247.596,247.673
247.743,247.813
247.873,247.957
248.176,248.256
248.761,248.873
249.038,249.096
249.156,249.252
249.314,249.432
249.459,249.533
249.595,249.672
249.727,249.804
249.807,249.833
249.863,249.944
250.011,250.106
250.124,250.156
250.198,250.296
250.69,250.773
250.969,251.035
251.102,251.189
251.253,251.331
251.397,251.467
251.533,251.624
251.687,251.822
251.837,252.1
252.123,252.206
252.255,252.336
252.397,252.463
253.825,253.874
253.923,254.004
254.006,254.029
254.064,254.131
255.199,255.287
255.313,255.395
255.436,255.526
255.573,255.653
255.704,255.772
255.818,255.887
255.928,256.003
256.057,256.124
256.175,256.235
256.294,256.359
256.413,256.476
256.535,256.592
256.652,256.713
256.772,256.831
256.894,256.961
257.019,257.098
257.156,257.228
257.407,257.48
257.544,257.616
257.676,257.748
257.802,257.899
257.935,258.011
258.064,258.146
258.208,258.307
258.351,258.429
258.493,258.557
258.723,258.8
258.868,258.972
258.998,259.062
259.131,259.225
259.26,259.327
259.39,259.456
259.535,259.592
259.658,259.722
259.782,259.842
259.991,260.07
260.157,260.236
260.297,260.372
260.434,260.507
260.572,260.642
260.664,260.923
261.008,261.064
261.17,261.223
261.288,261.358
261.422,261.477
261.543,261.644
261.719,261.96
261.996,262.052
295.629,295.691
295.729,295.806
295.83,295.89
295.939,295.991
296.037,296.095
296.151,296.205
296.253,296.315
296.374,296.435
296.482,296.539
296.597,296.654
296.711,296.767
296.827,296.898
296.94,297.007
297.057,297.136
297.176,297.249
297.29,297.346
297.463,297.504
337.437,337.492
337.543,337.599
337.647,337.713
337.774,337.836
337.905,337.932
338.112,338.177
338.239,338.303
338.364,338.43
338.482,338.555
338.608,338.682
338.732,338.784
338.845,338.929
338.967,339.025
339.075,339.158
339.208,339.268
339.317,339.395
339.44,339.508
339.554,339.637
339.676,339.765
339.801,339.878
339.918,340.003
340.037,340.097
340.168,340.24
340.312,340.446
340.459,340.525
340.579,340.652
340.705,340.775
340.841,340.903
340.967,341.054
341.108,341.212
341.228,341.306
341.347,341.419
341.478,341.568
341.607,341.677
341.717,341.795
341.862,341.942
341.977,342.058
342.095,342.16
342.217,342.282
342.341,342.402
342.489,342.533
342.585,342.679
342.719,342.789
342.862,342.958
343.004,343.08
343.133,343.211
343.264,343.365
343.403,343.48
343.539,343.619
343.671,343.73
343.787,343.855
343.916,343.971
345.518,345.587
345.656,345.73
345.789,345.856
345.928,346.028
346.071,346.14
346.199,346.267
346.324,346.388
346.459,346.525
346.585,346.661
346.725,346.786
346.851,346.925
346.972,347.062
347.099,347.187
347.227,347.317
347.371,347.455
347.498,347.571
347.615,347.685
347.745,347.813
347.875,347.937
348.003,348.081
348.145,348.238
348.298,348.382
348.422,348.483
348.544,348.619
348.681,348.742
348.807,348.867
356.415,356.479
356.529,356.602
356.646,356.716
356.995,357.065
357.126,357.194
357.244,357.315
357.372,357.435
357.489,357.561
357.623,357.676
357.742,357.824
357.889,357.965
358.028,358.1
358.164,358.218
358.277,358.356
358.422,358.485
358.497,358.625
358.669,358.737
358.788,358.849
358.927,358.961
359.009,359.09
359.147,359.249
359.276,359.364
359.406,359.502
359.537,359.617
359.666,359.746
359.798,359.88
359.919,359.994
360.048,360.136
360.174,360.264
360.298,360.374
360.429,360.524
360.561,360.649
360.686,360.785
360.818,360.915
360.955,361.025
361.094,361.111
361.164,361.189
361.208,361.211
361.238,361.306
361.354,361.419
361.424,361.442
361.478,361.553
361.632,361.829
361.888,361.946
362.278,362.323
362.33,362.374
362.396,362.471
362.541,362.652
362.673,362.747
362.811,363.029
363.069,363.139
363.201,363.276
363.748,363.828
363.935,364.185
364.219,364.284
364.294,364.314
364.35,364.416
364.485,364.558
364.626,364.719
364.776,364.916
364.917,365.01
365.061,365.136
365.18,365.263
365.317,365.391
365.448,365.483
365.502,365.572
365.659,366.615
366.631,367.647
367.935,367.982
368.049,368.107
368.398,368.474
371.462,371.483
371.561,371.578
371.625,371.701
371.742,371.812
371.862,371.932
371.978,372.058
372.107,372.181
372.229,372.302
372.356,372.425
372.475,372.54
372.602,372.672
372.736,372.809
372.879,372.951
373.021,373.029
373.03,373.037
373.105,373.165
373.202,373.337
373.468,373.481
373.528,373.66
373.714,373.795
373.81,373.866
374.026,374.628
374.654,374.721
374.773,374.847
374.907,375.013
375.046,375.377
375.402,375.5
375.522,375.619
375.644,375.737
399.807,399.864
399.903,399.955
400.006,400.073
400.124,400.189
400.236,400.293
400.343,400.407
400.457,400.526
400.577,400.647
400.701,400.776
400.834,400.904
400.957,401.026
401.074,401.136
401.193,401.251
401.314,401.372
401.434,401.498
401.562,401.636
401.689,401.755
401.8,401.859
401.919,401.975
402.027,402.094
402.158,402.22
402.291,402.349
402.504,402.576
402.634,402.694
402.748,402.819
402.867,402.936
402.984,403.069
403.103,403.188
403.231,403.319
403.354,403.424
403.477,403.537
426.578,426.634
426.677,426.734
426.781,426.853
426.896,426.959
427.008,427.076
427.111,427.165
427.218,427.272
427.325,427.377
427.438,427.495
427.561,427.594
454.635,454.692
454.736,454.791
454.84,454.901
454.953,455.032
455.074,455.146
455.188,455.257
455.309,455.365
455.415,455.468
455.525,455.587
455.638,455.698
455.755,455.815
455.873,455.921
455.979,456.031
456.09,456.148
456.207,456.264
456.322,456.379
456.435,456.487
456.551,456.607
456.681,456.741
456.801,456.863
456.916,456.994
457.034,457.123
457.158,457.227
457.288,457.367
457.42,457.495
457.548,457.622
457.666,457.75
457.786,457.86
457.918,457.989
458.075,458.12
458.219,458.281
458.335,458.396
458.458,458.522
458.584,458.646
458.708,458.759
458.822,458.891
458.957,459.019
459.08,459.139
459.194,459.263
459.327,459.407
459.442,459.501
459.571,459.634
459.695,459.743
460.309,460.368
460.429,460.48
460.553,460.618
460.669,460.737
460.797,460.865
460.911,460.965
461.023,461.087
461.153,461.214
461.282,461.331
461.942,462.008
462.075,462.141
462.194,462.261
462.329,462.408
462.454,462.53
462.57,462.636
462.698,462.768
462.837,462.896
462.95,463.02
463.084,463.171
463.233,463.315
463.38,463.465
463.518,463.602
463.656,463.745
463.798,463.883
463.929,464.014
464.056,464.151
464.193,464.282
464.322,464.396
464.465,464.524
464.584,464.661
464.728,464.796
464.859,464.932
465.004,465.084
465.142,465.212
465.267,465.343
465.412,465.484
465.547,465.613
465.677,465.75
465.815,465.874
465.935,466.008
466.074,466.133
466.199,466.257
466.328,466.386
466.476,466.527
466.587,466.629
466.748,466.779
466.831,466.919
466.953,467.021
467.085,467.158
467.23,467.321
467.367,467.449
467.506,467.571
467.63,467.698
467.757,469.014
469.074,469.164
469.22,469.303
469.374,469.444
469.527,469.583
469.629,469.703
469.772,469.84
469.896,469.97
470.045,470.115
470.173,470.24
470.31,470.379
470.438,470.541
470.589,470.699
470.711,470.801
470.876,470.959
471.01,471.094
471.16,471.213
471.271,471.355
471.42,471.492
471.531,471.608
471.671,471.745
471.808,471.877
471.933,472.011
472.073,472.14
472.203,472.271
473.9,473.966
474.021,474.089
474.092,474.121
474.151,474.217
478.308,478.376
478.434,478.499
478.542,478.617
478.675,478.852
478.907,478.975
479.03,479.101
479.163,479.219
479.385,479.458
479.519,479.588
479.643,479.719
479.8,479.896
479.919,479.99
480.06,480.113
480.174,480.251
480.318,480.387
480.442,480.512
480.582,480.632
480.685,480.769
480.833,481.03
481.099,481.183
481.21,481.288
481.404,481.47
481.492,481.556
481.615,481.692
481.745,481.821
481.879,481.957
482.032,482.081
482.14,482.221
482.365,482.49
482.525,482.566
482.839,482.91
482.97,483.041
483.092,483.17
483.239,483.443
483.495,483.693
483.752,483.85
483.861,483.956
484.017,484.128
484.139,484.254
484.276,484.389
484.413,484.5
484.537,484.612
484.684,484.746
484.801,484.885
484.932,484.997
485.187,485.255
485.317,485.383
485.45,485.52
485.58,485.67
485.721,485.83
486.123,486.39
486.421,486.495
486.558,486.63
486.689,486.794
486.819,486.93
486.953,487.032
487.096,487.179
487.232,487.335
487.375,487.434
487.488,487.568
487.634,487.708
487.768,487.838
487.892,487.98
488.023,488.099
488.166,488.247
488.298,488.361
488.43,488.501
488.565,488.65
488.714,488.803
488.852,489.213
489.295,489.386
489.454,489.519
489.557,489.641
489.705,489.788
489.789,489.804
489.838,489.928
489.998,490.074
490.123,490.189
490.26,490.307
490.96,491.104
491.199,491.269
491.325,491.417
491.47,491.824
491.88,492.081
492.146,492.337
492.706,492.732
492.791,492.842
493.074,493.133
493.262,493.291
493.346,493.456
493.509,493.741
495.585,495.627
495.652,495.686
495.698,495.708
604.282,604.34
604.387,604.45
604.506,604.568
604.618,604.687
604.744,604.792
604.843,604.913
604.97,605.019
605.078,605.137
605.197,605.253
605.308,605.367
605.431,605.486
605.538,605.601
605.663,605.721
605.778,605.828
605.891,605.972
606.02,606.077
606.146,606.207
606.266,606.319
606.38,606.433
606.499,606.559
606.617,606.686
606.733,606.82
606.865,606.952
606.991,607.092
607.125,607.184
607.252,607.336
607.39,607.461
607.464,607.473
607.533,607.625
607.67,607.765
607.821,607.912
607.957,608.008
608.06,608.132
608.196,608.25
608.302,608.375
608.432,608.491
608.55,608.63
608.682,608.769
608.811,608.874
608.928,609.008
609.066,609.14
609.194,609.26
609.272,609.278
609.328,609.405
609.468,609.542
609.608,609.688
609.761,609.865
609.899,609.97
610.021,610.088
610.131,610.188
610.244,610.3
610.361,610.426
610.502,610.566
610.624,610.694
610.745,610.821
610.872,610.942
610.992,611.081
611.13,611.193
611.256,611.349
611.398,611.473
611.53,611.601
611.659,611.73
611.819,611.897
611.965,612.05
612.115,612.203
612.26,612.322
612.374,612.448
612.514,612.573
612.634,612.7
612.767,612.85
612.908,612.977
613.028,613.093
613.165,613.237
613.292,613.352
613.525,613.568
613.669,613.736
613.797,613.872
613.937,614.012
614.063,614.14
614.2,614.266
614.338,614.408
614.456,614.545
614.587,614.672
614.717,614.806
614.854,614.931
614.989,615.068
615.127,615.191
615.258,615.326
615.396,615.493
615.556,615.647
615.721,615.803
615.857,615.932
615.986,616.065
616.137,616.213
616.272,616.345
616.41,616.477
616.545,616.617
616.681,616.753
616.827,616.897
616.957,617.027
617.096,617.167
617.229,617.3
617.365,617.44
617.51,617.584
617.625,617.695
617.773,617.823
618.004,618.073
618.138,618.2
618.263,618.325
618.384,618.448
618.512,618.57
618.636,618.694
618.761,618.817
619.375,619.389
619.464,619.519
619.541,619.608
619.669,619.729
636.164,636.18
636.218,636.269
636.319,636.379
636.925,636.985
637.04,637.099
637.159,637.222
637.285,637.339
637.405,637.459
637.524,637.593
637.662,637.732
637.802,637.885
637.948,638.009
638.065,638.138
638.217,638.278
638.335,638.404
638.474,638.525
638.589,638.665
638.732,638.786
638.852,638.929
639.003,639.049
639.112,639.2
639.257,639.312
639.364,639.443
639.477,639.54
639.613,639.663
639.739,639.812
639.891,639.938
640.0,640.085
640.092,640.098
640.144,640.211
640.267,640.336
640.389,640.466
640.514,640.589
640.634,640.725
640.768,640.844
640.886,640.985
641.024,641.081
641.154,641.221
641.287,641.339
641.432,641.448
641.814,641.83
641.853,641.883
641.884,641.89
641.939,642.008
642.069,642.13
642.198,642.273
642.338,642.412
642.494,642.567
642.633,642.696
642.779,642.857
642.925,642.998
643.061,643.129
643.192,643.258
643.323,643.395
681.369,681.425
681.465,681.523
681.568,681.628
681.68,681.739
681.79,681.854
681.908,681.969
682.029,682.083
682.152,682.196
682.261,682.32
682.383,682.45
682.505,682.591
682.641,682.699
682.758,682.806
682.875,682.929
682.988,683.059
683.115,683.176
683.28,683.324
683.375,683.414
683.495,683.541
683.735,683.797
684.014,684.071
684.309,684.366
684.46,684.517
684.603,684.66
684.745,684.808
684.878,684.95
685.012,685.08
685.145,685.215
685.282,685.352
685.423,685.486
685.565,685.632
685.703,685.778
685.838,685.919
685.984,686.067
686.136,686.181
686.244,686.307
686.375,686.45
686.517,686.567
686.634,686.7
686.767,686.827
686.895,686.956
687.028,687.091
687.277,687.333
687.448,687.521
687.584,687.66
687.703,687.762
687.828,687.888
687.947,688.01
688.071,688.13
688.193,688.25
688.316,688.378
688.439,688.51
688.563,688.617
688.686,688.753
688.821,688.891
688.956,689.009
689.719,689.766
694.265,694.323
694.377,694.443
694.791,694.839
695.044,695.104
695.189,695.23
695.351,695.41
695.483,695.539
695.602,695.668
695.733,695.79
695.859,695.906
695.972,696.038
696.105,696.172
696.236,696.306
696.37,696.427
696.494,696.56
696.622,696.684
696.753,696.803
696.868,696.932
697.003,697.058
697.205,697.213
697.281,697.306
697.331,697.377
697.414,697.442
697.529,697.584
697.648,697.857
697.913,697.974
698.036,698.111
698.149,698.223
698.269,698.322
698.383,698.447
698.511,698.569
698.628,698.687
698.752,698.807
698.872,698.928
699.216,699.278
699.464,699.481
699.49,699.512
699.614,699.7
699.822,699.921
699.94,700.34
700.446,700.498
700.506,700.552
700.577,700.635
700.711,700.781
700.85,700.902
700.973,701.0
701.28,701.374
701.416,701.46
701.536,701.582
701.792,702.273
702.421,702.466
702.554,702.564
702.582,702.65
702.783,702.81
702.832,702.885
702.899,702.918
702.943,703.226
703.416,703.488
703.575,703.627
703.821,703.896
703.964,704.044
704.086,704.147
704.211,704.28
704.333,704.348
704.536,704.579
704.682,704.851
704.872,704.914
704.959,705.026
705.093,706.061
706.194,706.219
706.471,706.608
706.907,706.942
707.073,707.714
708.929,709.09
709.127,709.188
709.243,709.301
709.368,709.441
709.504,709.558
709.615,709.669
709.727,709.789
709.847,709.911
709.971,710.032
710.085,710.161
710.202,710.26
710.329,710.403
710.454,710.549
710.605,710.681
710.709,710.794
710.803,711.208
711.38,711.41
712.459,712.474
712.589,712.655
712.731,712.807
712.883,712.95
713.017,713.074
713.138,713.203
713.265,713.33
713.397,713.459
713.525,713.597
713.671,713.726
713.803,713.832
713.872,713.93
714.033,714.105
714.181,714.273
714.301,714.363
714.426,714.508
714.579,715.258
715.318,715.384
715.454,715.519
715.586,715.648
715.655,715.67
715.714,715.789
715.857,715.931
715.993,716.083
716.127,716.205
716.265,716.348
716.405,716.863
716.924,716.997
717.065,717.157
717.235,717.333
717.366,717.497
717.514,717.604
717.627,717.687
717.751,717.821
717.886,717.949
718.015,718.051
718.175,718.246
719.033,719.062
719.964,719.999
723.856,723.917
723.979,724.05
724.111,724.186
724.274,724.342
724.503,724.553
724.582,724.799
724.848,724.922
724.94,724.956
724.984,725.052
725.126,725.203
725.251,725.433
725.47,725.557
725.606,725.687
725.756,725.829
725.888,725.974
726.045,726.114
726.192,726.262
726.404,726.477
726.485,726.574
726.649,726.722
726.794,726.867
726.95,726.996
727.083,727.165
727.186,727.202
727.236,727.319
727.324,727.34
727.382,727.466
727.48,727.49
727.536,727.642
727.687,727.773
727.828,727.921
727.969,728.076
728.122,728.241
728.272,728.34
728.386,728.461
728.518,728.597
728.645,728.722
728.794,728.867
728.962,729.082
729.193,729.272
729.311,729.387
729.779,729.834
729.961,730.027
730.098,730.172
730.243,730.328
730.394,730.502
730.547,730.698
730.716,730.845
730.883,730.969
731.033,731.115
731.201,731.269
731.34,731.412
731.484,731.584
731.658,731.733
731.795,731.871
731.945,731.983
732.041,732.124
732.19,732.252
732.315,732.388
732.461,732.519
732.602,732.648
732.709,732.79
732.861,732.923
732.991,733.048
733.241,733.255
733.586,733.662
733.716,733.787
734.833,734.883
734.887,734.913
735.009,735.072
735.157,735.189
735.335,735.484
735.64,735.67
735.766,735.83
735.839,735.859
736.12,736.174
736.263,736.318
736.423,736.483
736.561,736.623
736.722,736.795
736.883,736.954
737.54,737.613
737.678,737.766
737.836,737.915
737.984,738.064
738.125,738.213
738.275,738.365
738.426,738.539
738.588,738.678
738.741,738.832
738.889,738.974
746.158,746.22
746.295,746.34
746.397,746.464
746.538,746.607
746.675,746.738
746.802,746.875
746.939,747.003
747.068,747.112
747.173,747.246
764.625,764.685
764.74,764.795
764.855,764.902
768.174,768.203
768.298,768.357
768.42,768.465
807.979,808.003
808.042,808.1
808.147,808.206
808.258,808.317
808.371,808.438
808.49,808.556
808.607,808.66
808.716,808.768
808.823,808.877
808.937,808.993
809.041,809.103
809.16,809.224
809.277,809.347
809.391,809.442
809.504,809.548
880.44,880.51
880.54,880.593
880.645,880.708
880.76,880.832
880.896,880.989
881.014,881.088
881.139,881.222
881.251,881.317
881.371,881.436
881.482,881.535
881.587,881.657
881.707,881.766
881.815,881.873
881.928,882.0
882.045,882.108
882.16,882.217
882.281,882.367
882.403,882.471
882.543,882.621
882.677,882.755
882.785,882.869
882.909,882.978
883.026,883.081
883.148,883.202
883.26,883.313
883.381,883.441
883.503,883.551
883.644,883.7
883.754,883.823
883.906,883.955
884.013,884.083
884.16,884.238
884.296,884.366
884.402,884.47
884.527,884.599
884.644,884.701
884.77,884.849
884.89,884.962
885.022,885.078
885.144,885.203
885.272,885.328
885.458,885.519
885.551,885.615
885.681,885.745
885.799,885.866
885.94,885.983
886.052,886.128
886.291,886.314
886.379,886.411
886.42,886.454
886.54,886.609
886.685,886.736
886.799,886.855
886.92,886.985
887.055,887.108
887.182,887.243
887.317,887.363
946.772,946.831
946.875,946.931
946.984,947.041
947.106,947.175
947.218,947.282
947.337,947.397
947.436,947.491
947.547,947.613
947.667,947.724
947.776,947.823
948.001,948.06
948.121,948.196
948.242,948.314
948.363,948.426
948.482,948.543
948.617,948.669
948.722,948.774
948.841,948.904
948.964,949.034
949.09,949.153
949.217,949.256
949.32,949.492
949.588,949.638
949.723,949.759
949.912,949.957
950.014,950.074
950.138,950.21
950.281,950.351
950.43,950.527
950.582,950.65
950.71,950.779
950.854,950.912
950.985,951.034
951.106,951.171
951.24,951.286
951.357,951.405
951.484,951.653
951.661,951.697
952.059,952.313
952.356,952.418
952.484,952.556
952.626,952.688
952.758,952.827
952.898,952.964
953.034,953.107
953.236,953.327
953.456,953.484
953.513,953.558
953.721,953.745
953.936,953.995
954.069,954.126
954.205,954.271
954.337,954.403
954.474,954.552
954.623,954.71
954.771,954.852
954.917,954.994
955.065,955.145
955.155,955.171
955.224,955.3
955.372,955.449
955.519,955.592
955.664,955.742
955.816,955.899
955.974,956.064
956.253,956.333
956.352,956.362
956.43,956.483
956.538,956.608
956.812,956.967
957.005,957.075
957.102,957.115
957.152,957.231
957.245,957.26
957.302,957.384
957.458,957.551
957.617,957.68
957.755,957.816
958.104,958.123
958.205,958.99
959.443,959.512
959.585,959.66
959.715,959.798
959.869,959.933
960.077,960.133
960.172,960.191
960.268,960.341
960.551,961.149
961.209,961.323
961.348,961.413
961.485,961.541
961.595,961.662
961.732,961.795
961.85,961.912
961.982,962.035
962.102,962.179
962.23,962.282
962.357,962.414
962.489,962.539
962.723,962.88
962.904,963.496
964.941,965.076
965.077,965.097
965.107,965.13
965.483,965.55
965.589,965.862
965.962,966.008
966.096,966.16
966.232,966.319
966.381,966.459
966.574,966.629
966.684,966.77
966.851,966.863
966.87,966.904
966.963,967.024
967.093,967.343
967.374,967.439
967.454,967.483
967.513,967.573
967.578,967.615
967.656,967.859
967.862,967.928
967.942,968.01
1008.463,1008.516
1008.568,1008.628
1008.679,1008.74
1008.81,1008.854
1008.926,1008.978
1009.039,1009.107
1009.164,1009.229
1009.292,1009.361
1009.424,1009.507
1009.554,1009.625
1009.668,1009.719
1009.775,1009.821
1009.878,1009.939
1010.0,1010.06
1010.117,1010.177
1010.234,1010.292
1010.364,1010.422
1010.484,1010.529
1010.595,1010.654
1010.72,1010.782
1010.839,1010.911
1010.973,1011.031
1011.09,1011.169
1011.223,1011.299
1011.34,1011.413
1011.474,1011.543
1011.596,1011.662
1011.731,1011.808
1011.868,1011.936
1011.984,1012.062
1012.119,1012.188
1012.237,1012.326
1012.37,1012.45
1012.498,1012.568
1012.623,1012.707
1012.762,1012.831
1012.877,1012.987
1013.035,1013.079
1013.141,1013.21
1013.218,1013.239
1013.281,1013.352
1013.403,1013.485
1013.533,1013.607
1013.665,1013.743
1013.794,1013.853
1013.861,1013.875
1013.929,1014.012
1014.065,1014.142
1014.211,1014.289
1014.372,1014.447
1014.516,1014.567
1014.631,1014.694
1014.771,1014.819
1029.82,1029.852
1029.882,1029.937
1029.993,1030.052
1030.11,1030.183
1030.239,1030.315
1030.365,1030.431
1030.49,1030.544
1030.603,1030.664
1030.722,1030.771
1030.84,1030.862
1033.985,1034.03
1034.132,1034.187
1034.248,1034.313
1034.381,1034.45
1034.511,1034.581
1034.652,1034.725
1034.788,1034.863
1034.929,1035.001
1035.071,1035.148
1035.223,1035.312
1035.317,1035.338
1035.363,1035.477
1035.516,1035.606
1035.63,1035.672
1035.732,1035.8
1035.867,1035.906
1035.975,1036.046
1036.113,1036.161
1036.221,1036.29
1036.364,1036.415
1036.477,1036.555
1036.626,1036.684
1036.772,1036.811
1037.664,1037.732
1037.754,1037.792
1037.793,1037.835
1037.868,1037.935
1038.005,1038.076
1038.152,1038.226
1038.292,1038.366
1038.433,1038.476
1038.688,1039.086
1039.233,1039.312
1039.321,1039.337
1039.375,1039.466
1039.509,1039.603
1039.645,1039.724
1039.762,1039.858
1039.893,1039.971
1040.028,1040.13
1040.164,1040.232
1040.308,1040.39
1040.45,1040.528
1040.607,1040.696
1040.747,1040.811
1040.885,1040.931
1040.998,1041.082
1041.152,1041.219
1041.278,1041.356
1041.432,1041.48
1041.537,1041.617
1041.688,1041.738
1041.807,1041.884
1041.96,1042.018
1042.081,1042.157
1042.241,1042.303
1042.36,1042.415
1046.965,1047.031
1047.094,1047.16
1047.217,1047.291
1047.378,1047.429
1047.493,1047.577
1047.642,1047.704
1047.763,1047.831
1047.918,1047.933
1048.487,1048.603
1048.616,1048.762
1075.315,1075.37
1075.424,1075.485
1075.539,1075.604
1075.664,1075.753
1075.799,1075.87
1075.918,1075.985
1076.04,1076.091
1076.15,1076.21
1076.276,1076.322
1076.598,1077.122
1077.156,1077.22
1077.292,1077.355
1077.42,1077.483
1077.545,1077.602
1077.67,1077.722
1077.781,1077.848
1077.913,1077.979
1078.044,1078.115
1078.183,1078.235
1078.455,1079.315
1079.808,1079.821
1079.957,1080.016
1080.095,1080.154
1080.155,1080.17
1080.245,1080.317
1080.389,1080.492
1080.546,1080.664
1080.946,1081.023
1081.083,1081.147
1081.208,1081.286
1081.35,1081.427
1081.491,1081.574
1081.63,1081.699
1081.767,1081.809
1081.862,1081.936
1082.015,1082.097
1082.139,1082.21
1082.249,1082.33
1082.391,1082.443
1082.507,1082.58
1082.644,1082.686
1082.766,1082.841
1082.897,1082.978
1083.024,1083.101
1083.143,1083.233
1083.275,1083.367
1083.408,1083.471
1083.543,1083.614
1083.684,1083.779
1083.833,1083.921
1083.929,1083.954
1083.992,1084.075
1084.138,1084.228
1084.282,1084.358
1084.429,1084.506
1084.542,1084.611
1084.666,1084.737
1084.796,1084.867
1084.929,1084.999
1085.046,1085.112
1085.18,1085.247
1085.308,1085.37
1085.432,1085.487
1085.56,1085.643
1085.809,1085.921
1085.958,1086.042
1086.095,1086.184
1086.229,1086.317
1086.363,1086.441
1086.487,1086.553
1086.615,1086.686
1086.737,1086.807
1086.815,1086.84
1086.885,1086.977
1087.011,1087.07
1087.143,1087.203
1087.63,1087.948
1087.974,1088.005
1088.092,1088.162
1088.224,1088.301
1088.367,1088.443
1088.516,1088.588
1088.658,1088.736
1088.814,1088.901
1088.951,1089.027
1089.098,1089.143
1089.213,1089.29
1089.359,1089.393
1089.625,1089.776
1091.62,1091.677
1091.915,1091.981
1092.072,1092.129
1092.27,1092.356
1092.401,1092.466
1092.537,1092.598
1092.679,1092.744
1092.817,1092.889
1092.965,1093.022
1093.093,1093.117
1093.222,1093.288
1093.36,1093.444
1093.522,1093.612
1093.679,1093.725
1093.797,1093.847
1093.932,1094.024
1094.061,1095.046
1095.096,1095.163
1095.17,1095.29
1095.372,1095.435
1095.44,1095.464
1095.499,1095.572
1095.743,1095.831
1095.839,1096.102
1096.175,1096.717
1096.74,1096.777
1096.845,1096.922
1096.938,1096.986
1096.991,1097.071
1097.086,1097.108
1097.145,1097.228
1097.232,1097.263
1097.3,1097.356
1097.357,1097.399
1097.429,1097.491
1097.5,1097.514
1097.563,1097.644
1097.657,1097.684
1097.72,1098.065
1098.071,1098.136
1098.156,1098.185
1098.201,1098.272
1098.289,1099.138
1099.204,1099.257
1099.328,1099.404
1099.479,1099.53
1099.697,1099.77
1099.842,1099.947
1099.979,1100.057
1100.125,1100.158
1100.291,1100.327
1100.911,1101.186
1101.27,1101.375
1101.444,1101.516
1101.521,1101.566
1101.595,1101.656
1101.726,1101.801
1101.888,1101.934
1102.096,1102.168
1102.18,1102.195
1102.238,1102.308
1102.327,1102.427
1102.434,1102.516
1102.543,1102.641
1102.655,1103.242
1103.485,1103.567
1103.613,1103.654
1103.709,1103.773
1103.854,1103.904
1103.954,1104.02
1104.094,1104.135
1104.19,1104.27
1104.335,1104.379
1104.429,1104.502
1104.572,1104.593
1104.626,1104.696
1104.789,1104.87
1105.05,1105.097
1105.143,1105.664
1105.681,1105.704
1105.722,1105.799
1105.809,1105.825
1105.86,1105.918
1105.929,1105.974
1105.988,1106.202
1106.267,1106.339
1106.406,1106.462
1106.519,1106.605
1106.636,1106.704
1106.765,1106.823
1106.891,1106.932
1106.991,1107.2
1107.219,1107.359
1107.426,1107.489
1107.875,1107.929
1107.98,1108.019
1108.116,1108.51
1108.553,1108.746
1108.802,1109.018
1109.058,1109.149
1109.195,1109.283
1109.317,1109.38
1112.069,1112.11
1112.154,1112.196
1112.235,1112.3
1112.845,1113.443
1113.624,1113.708
1113.739,1113.805
1113.84,1114.189
1114.265,1114.328
1114.394,1114.468
1114.543,1114.603
1114.667,1114.739
1114.807,1114.877
1114.939,1115.0
1115.064,1115.15
1115.215,1115.296
1115.333,1115.41
1115.469,1115.549
1115.591,1115.657
1115.729,1115.817
1115.851,1115.926
1115.997,1116.062
1116.136,1116.212
1116.278,1116.309
1116.349,1116.404
1116.508,1116.589
1116.6,1116.63
1116.692,1116.747
1116.757,1117.342
1117.658,1117.759
1117.794,1118.019
1118.336,1118.355
1118.423,1118.5
1118.79,1118.849
1118.888,1118.954
1119.03,1119.112
1119.176,1119.266
1210.447,1210.497
1210.549,1210.604
1210.663,1210.715
1210.777,1210.829
1210.887,1210.949
1211.013,1211.065
1211.138,1211.162
1211.454,1211.516
1211.586,1211.645
1211.702,1211.77
1211.826,1211.888
1211.951,1212.007
1212.056,1212.118
1212.127,1212.139
1212.188,1212.25
1212.304,1212.37
1212.421,1212.486
1212.561,1212.577
1212.658,1212.694
1212.733,1212.776
1212.874,1213.187
1213.195,1213.22
1213.223,1213.338
1213.348,1213.547
1213.571,1213.608
1213.677,1213.746
1213.772,1213.784
1213.829,1213.903
1213.962,1214.038
1214.1,1214.189
1214.25,1214.336
1214.394,1214.453
1214.511,1214.576
1214.643,1214.693
1214.762,1214.822
1214.877,1214.95
1215.001,1215.051
1215.113,1215.203
1215.247,1215.304
1215.355,1215.461
1215.493,1215.54
1215.606,1215.669
1215.769,1215.81
1215.885,1215.953
1216.027,1216.067
1216.357,1217.051
1217.09,1217.162
1217.234,1217.291
1217.375,1217.449
1217.512,1217.6
1217.667,1217.764
1217.823,1217.885
1217.921,1217.974
1218.041,1218.078
1218.32,1218.906
1218.999,1219.058
1219.067,1219.172
1219.181,1219.478
1219.521,1219.583
1219.671,1219.697
1219.884,1219.95
1220.028,1220.669
1220.723,1220.851
1220.931,1221.009
1221.012,1221.044
1221.077,1221.15
1221.219,1221.283
1221.575,1221.64
1221.854,1225.431
1225.505,1225.53
1225.569,1225.624
1225.693,1225.751
1225.823,1225.883
1226.153,1226.318
1226.394,1226.485
1226.51,1226.568
1226.784,1226.804
1226.809,1227.151
1227.562,1227.611
1227.655,1228.051
1228.121,1228.202
1228.27,1228.345
1228.41,1228.478
1228.541,1228.625
1228.683,1228.754
1228.821,1228.871
1228.923,1228.994
1229.061,1229.109
1229.175,1229.25
1229.305,1229.355
1229.421,1229.462
1229.529,1229.584
1229.674,1229.71
1229.776,1229.823
1230.124,1230.282
1230.422,1230.485
1230.56,1230.628
1230.655,1230.752
1230.782,1231.171
1231.235,1231.302
1231.396,1231.448
1231.534,1231.593
1231.671,1231.708
1238.093,1238.15
1238.359,1238.412
1238.476,1238.538
1238.614,1238.679
1238.739,1238.809
1239.097,1240.384
1240.519,1241.063
1241.171,1241.246
1241.305,1241.373
1241.38,1241.387
1241.434,1241.528
1241.563,1241.638
1241.699,1241.773
1241.837,1241.91
1241.98,1242.092
1242.126,1242.194
1242.245,1242.31
1242.375,1242.421
1242.488,1242.563
1242.638,1242.672
1242.889,1243.334
1243.732,1243.824
1243.827,1243.916
1243.975,1244.02
1244.089,1244.175
1244.236,1244.327
1244.391,1244.488
1244.559,1244.638
1244.711,1244.783
1244.798,1244.813
1244.854,1244.914
1244.998,1245.078
1245.133,1245.171
1390.705,1390.753
1390.811,1390.865
1390.926,1391.001
1391.052,1391.134
1391.174,1391.237
1391.296,1391.359
1391.414,1391.466
1391.518,1391.574
1391.635,1391.705
1391.741,1391.809
1391.868,1391.921
1391.978,1392.047
1392.109,1392.16
1392.223,1392.289
1392.29,1392.299
1392.355,1392.405
1392.466,1392.56
1392.601,1392.642
1392.71,1392.766
1392.771,1392.781
1392.85,1392.917
1392.982,1393.033
1393.102,1393.142
1393.214,1393.27
1393.337,1393.377
1393.453,1393.485
1393.969,1394.006
1394.115,1394.151
1394.229,1394.283
1394.363,1394.428
1394.492,1394.57
1394.63,1394.704
1394.765,1394.824
1394.871,1394.926
1394.969,1395.034
1395.085,1395.128
1395.193,1395.253
1395.321,1395.363
1395.426,1395.479
1395.547,1395.6
1395.674,1395.72
1395.788,1395.848
1395.916,1395.958
1396.044,1396.097
1396.583,1397.585
1397.628,1397.653
1397.714,1397.77
1397.859,1397.909
1456.939,1456.963
1457.002,1457.04
1457.075,1457.124
1457.177,1457.224
1457.285,1457.349
1457.405,1457.468
1457.526,1457.592
1457.648,1457.734
1457.775,1457.848
1457.904,1457.982
1458.039,1458.14
1458.172,1458.229
1458.284,1458.341
1458.393,1458.454
1458.514,1458.581
1458.629,1458.685
1458.744,1458.801
1458.867,1458.935
1458.992,1459.061
1459.136,1459.196
1459.239,1459.303
1459.365,1459.42
1459.483,1459.537
1459.61,1459.657
1460.127,1460.157
1460.234,1460.308
1460.384,1460.45
1460.512,1460.575
1460.641,1460.716
1460.784,1460.842
1460.909,1460.954
1461.021,1461.092
1461.165,1461.238
1461.278,1461.349
1461.42,1461.47
1461.531,1461.603
1461.679,1461.757
1461.789,1461.86
1461.951,1462.012
1462.052,1462.119
1462.19,1462.257
1462.303,1462.366
1462.439,1462.507
1462.559,1462.626
1462.705,1462.771
1462.823,1462.884
1462.96,1463.019
1463.079,1463.141
1463.235,1463.278
1463.346,1463.416
1463.499,1463.522
1463.602,1463.672
1463.757,1463.788
1463.862,1463.958
1464.024,1464.074
1464.136,1464.206
1464.284,1464.313
1464.387,1464.466
1464.56,1464.589
1464.66,1464.738
1464.815,1464.845
1464.92,1464.991
1465.286,1465.358
1465.425,1465.487
1465.544,1465.621
1465.673,1465.756
1465.81,1465.867
1465.868,1465.884
1471.452,1471.475
1471.542,1471.611
1471.672,1471.737
1471.743,1471.762
1471.798,1471.875
1471.937,1472.012
1472.075,1472.156
1472.218,1472.302
1472.36,1472.429
1472.493,1472.551
1472.62,1472.688
1472.749,1472.797
1472.875,1472.949
1473.023,1473.091
1473.143,1473.221
1473.272,1473.348
1473.394,1473.463
1473.537,1473.58
1473.654,1473.702
1473.844,1473.949
1473.985,1474.048
1474.076,1474.136
1474.221,1474.439
1474.496,1474.565
1474.626,1474.688
1474.756,1474.813
1474.881,1474.932
1477.022,1477.067
1477.122,1477.177
1477.246,1477.312
1477.372,1477.447
1477.535,1477.569
1477.666,1477.703
1477.762,1477.881
1477.91,1477.958
1477.986,1477.993
1477.994,1478.832
1478.845,1478.865
1478.936,1478.998
1479.069,1479.135
1479.328,1479.385
1479.454,1479.499
1481.19,1481.27
1779.089,1779.124
1779.211,1779.26
1779.314,1779.36
1779.418,1779.478
1779.536,1779.598
1779.648,1779.709
1779.766,1779.842
1779.89,1779.953
1780.006,1780.068
1780.127,1780.192
1780.249,1780.319
1780.38,1780.459
1780.509,1780.562
1780.63,1780.694
1780.752,1780.793
1780.869,1780.911
1780.929,1780.94
1780.992,1781.068
1781.136,1781.206
1781.291,1781.362
1781.436,1781.49
1781.559,1781.606
1781.686,1781.729
1781.807,1781.894
1781.948,1782.014
1782.08,1782.147
1782.216,1782.286
1782.353,1782.434
1782.507,1782.585
1782.654,1782.723
1782.79,1782.836
1782.901,1782.946
1783.015,1783.083
1783.151,1783.218
1783.267,1783.314
1783.395,1783.443
1783.513,1783.566
1783.644,1783.692
1783.767,1783.811
1783.885,1783.953
1784.032,1784.073
1784.142,1784.199
1784.283,1784.32
1784.389,1784.46
1784.533,1784.596
1784.661,1784.708
1784.89,1784.946
1785.027,1785.068
1785.409,1785.461
1785.538,1785.596
1785.677,1785.74
1785.815,1785.895
1785.97,1786.025
1786.093,1786.153
1786.246,1786.314
1786.395,1786.477
1786.544,1786.631
1786.709,1786.789
1786.867,1786.927
1786.995,1787.074
1787.147,1787.227
1787.296,1787.353
1787.406,1787.474
1787.544,1787.596
1787.67,1787.727
1787.803,1787.87
1787.958,1788.026
1788.1,1788.157
1788.417,1788.474
1788.539,1788.612
1788.684,1788.76
1788.836,1788.905
1788.973,1789.043
1789.119,1789.176
1789.231,1789.297
1789.351,1789.419
1789.503,1789.565
1789.645,1789.685
1789.76,1789.826
1789.902,1789.96
1790.039,1790.086
1791.123,1791.184
1791.254,1791.324
1791.396,1791.448
1791.681,1791.723
1791.792,1791.864
1791.941,1792.016
1792.085,1792.148
1792.223,1792.259
1792.334,1792.4
1792.489,1792.545
1792.614,1792.686
1792.765,1792.797
1792.878,1792.95
1793.037,1793.061
1793.142,1793.227
1793.307,1793.358
1793.428,1793.497
1793.584,1793.633
1793.703,1793.784
1793.867,1793.922
1794.008,1794.079
1794.161,1794.184
1794.268,1794.338
1794.42,1794.469
1794.546,1794.63
1794.714,1794.738
1794.823,1794.917
1795.246,1795.313
1795.384,1795.451
1795.54,1795.589
1795.652,1795.728
1795.799,1795.846
1795.914,1796.008
1796.057,1796.104
1796.171,1796.247
1796.45,1796.494
1796.696,1796.773
1796.871,1796.911
1808.57,1808.582
1808.587,1808.616
1808.668,1808.726
1808.785,1808.847
1808.91,1808.97
1809.032,1809.099
1809.17,1809.254
1809.312,1809.386
1809.466,1809.548
1809.609,1809.683
1809.757,1809.806
1809.872,1809.945
1810.016,1810.072
1810.14,1810.202
1810.273,1810.33
1810.402,1810.45
1810.529,1810.576
1810.651,1810.713
1810.792,1810.826
1810.899,1810.968
1811.044,1811.09
1811.164,1811.233
1811.326,1811.367
1811.428,1811.528
1811.575,1811.614
1811.683,1811.734
1811.805,1811.88
1811.957,1811.998
1812.071,1812.137
1812.357,1812.431
1812.483,1812.548
1812.619,1812.692
1812.765,1812.832
1812.903,1812.962
1813.034,1813.121
1813.195,1813.282
1813.302,1813.378
1813.458,1813.529
1813.565,1813.64
1813.723,1813.79
1813.831,1813.909
1813.994,1814.051
1814.105,1814.161
1814.245,1814.307
1814.382,1814.448
1814.531,1814.602
1814.644,1814.712
1814.791,1814.84
1814.907,1814.981
1815.062,1815.125
1815.198,1815.243
1815.416,1815.448
1815.596,1815.664
1815.738,1815.796
1816.422,1817.09
1817.128,1817.194
1817.266,1817.315
1817.379,1817.493
1817.516,1817.588
1817.65,1817.719
1817.788,1817.843
1817.913,1817.977
2001.421,2001.467
2001.529,2001.573
2001.639,2001.686
2001.881,2001.925
2004.519,2004.574
2004.63,2004.679
2004.739,2004.801
2004.867,2004.931
2004.999,2005.068
2005.134,2005.185
2005.245,2005.295
2005.361,2005.412
2005.476,2005.531
2005.593,2005.643
2005.703,2005.765
2005.833,2005.89
2005.958,2005.998
2006.069,2006.136
2006.207,2006.264
2006.339,2006.387
2006.462,2006.524
2006.616,2006.676
2006.747,2006.806
2006.892,2006.958
2007.033,2007.098
2007.176,2007.249
2007.327,2007.419
2007.478,2007.554
2007.634,2007.713
2007.789,2007.84
2008.029,2008.09
2008.164,2008.211
2008.284,2008.334
2008.408,2008.489
2008.551,2008.619
2008.708,2008.747
2008.812,2008.871
2008.946,2009.012
2009.082,2009.163
2009.233,2009.289
2009.351,2009.41
2009.484,2009.534
2009.601,2009.658
2009.732,2009.79
2009.864,2009.92
2010.227,2010.263
2010.609,2010.672
2010.737,2010.815
2010.884,2010.938
2011.008,2011.061
2011.134,2011.184
2011.256,2011.313
2011.386,2011.435
2011.509,2011.569
2011.641,2011.702
2011.781,2011.835
2011.913,2011.96
2012.037,2012.091
2012.181,2012.241
2012.316,2012.362
2012.437,2012.501
2012.582,2012.633
2012.702,2012.776
2012.852,2012.922
2012.996,2013.073
2013.151,2013.235
2013.305,2013.365
2013.413,2013.492
2013.588,2013.637
2013.697,2013.766
2013.846,2013.886
2013.964,2014.041
2014.126,2014.173
2014.245,2014.321
2014.402,2014.446
2014.517,2014.594
2014.675,2014.703
2015.4,2015.458
2015.527,2015.586
2015.66,2015.715
2015.791,2015.843
2023.199,2023.258
2023.315,2023.37
2023.436,2023.504
2023.597,2023.647
2023.723,2023.774
2023.848,2023.901
2023.975,2024.025
2024.196,2024.229
2024.332,2024.402
2024.486,2024.549
2024.623,2024.666
2024.844,2024.916
2024.991,2025.05
2025.116,2025.187
2025.272,2025.318
2025.384,2025.464
2025.544,2025.576
2025.651,2025.73
2025.809,2025.852
2025.925,2026.0
2026.078,2026.132
2026.213,2026.274
2026.348,2026.406
2026.476,2026.525
2026.978,2027.044
2027.113,2027.167
2027.238,2027.293
2027.362,2027.432
2027.505,2027.552
2275.177,2275.198
2275.26,2275.306
2275.364,2275.414
2275.492,2275.52
2275.578,2275.636
2275.703,2275.766
2275.823,2275.883
2275.951,2276.009
2276.076,2276.173
2276.204,2276.279
2276.282,2276.288
2276.334,2276.453
2276.46,2276.529
2276.595,2276.659
2276.733,2276.792
2276.863,2276.929
2276.996,2277.072
2277.142,2277.227
2277.237,2277.246
2277.296,2277.384
2277.454,2277.538
2277.607,2277.66
2277.729,2277.789
2277.861,2277.915
2277.966,2278.017
2278.081,2278.139
2278.213,2278.276
2278.331,2278.384
2278.449,2278.506
2278.591,2278.646
2278.716,2278.764
2278.837,2278.905
2278.979,2279.056
2279.126,2279.197
2279.268,2279.334
2279.41,2279.468
2279.546,2279.6
2279.685,2279.762
2279.777,2279.787
2279.848,2279.932
2280.01,2280.121
2280.183,2280.256
2280.324,2280.369
2280.446,2280.485
2280.579,2280.674
2280.73,2280.825
2283.465,2283.501
2283.615,2283.662
2283.725,2283.792
2283.858,2283.937
2284.004,2284.079
2284.145,2284.224
2284.304,2284.377
2284.441,2284.508
2284.587,2284.63
2284.689,2284.773
2284.836,2284.911
2284.949,2285.011
2285.058,2285.11
2285.178,2285.23
2285.297,2285.351
2285.422,2285.475
2285.547,2285.603
2285.671,2285.726
2285.8,2285.852
2285.926,2285.989
2286.077,2286.143
2286.216,2286.274
2286.345,2286.408
2286.487,2286.556
2286.627,2286.714
2286.797,2286.893
2286.964,2287.051
2287.101,2287.17
2287.233,2287.289
2287.363,2287.423
2287.5,2287.562
2287.626,2287.686
2287.777,2287.835
2287.91,2287.964
2288.04,2288.101
2288.176,2288.236
2288.309,2288.379
2288.453,2288.493
2289.186,2289.239
2289.315,2289.374
2289.437,2289.505
2289.57,2289.653
2289.72,2289.79
2289.862,2289.93
2290.001,2290.057
2290.126,2290.191
2290.264,2290.319
2290.395,2290.454
2290.53,2290.596
2290.672,2290.722
2290.793,2290.866
2291.305,2291.332
2291.561,2291.621
2291.683,2291.745
2291.819,2291.888
2291.945,2292.014
2292.1,2292.166
2292.213,2292.275
2292.35,2292.41
2292.482,2292.54
2292.614,2292.68
2292.757,2292.822
2292.914,2292.963
2293.035,2293.105
2293.186,2293.233
2293.309,2293.382
2293.458,2293.545
2293.597,2293.673
2293.748,2293.792
2293.864,2293.939
2294.015,2294.085
2294.171,2294.243
2294.249,2294.258
2294.32,2294.398
2294.468,2294.55
2294.617,2294.683
2294.732,2294.799
2294.856,2294.923
2294.995,2295.047
2295.121,2295.195
2295.269,2295.326
2295.401,2295.472
2295.554,2295.619
2295.929,2295.999
2296.071,2296.142
2296.215,2296.294
2296.377,2296.494
2296.521,2296.573
2296.655,2296.724
2296.793,2296.859
2296.931,2296.986
2297.048,2297.111
2297.184,2297.257
2298.867,2298.923
2299.046,2299.108
2299.175,2299.245
2299.331,2299.394
2299.463,2299.528
2299.599,2299.67
2299.75,2299.823
2299.902,2299.98
2300.056,2300.131
2300.337,2300.418
2300.76,2300.835
2301.03,2301.075
2301.168,2301.183
2301.206,2301.384
2301.435,2301.52
2301.575,2301.646
2301.719,2301.779
2301.836,2301.905
2301.989,2302.051
2302.103,2302.166
2302.238,2302.295
2302.365,2302.43
2302.505,2302.559
2302.631,2302.706
2302.789,2302.85
2304.212,2304.279
2304.338,2304.403
2304.473,2304.532
2304.619,2304.644
2308.881,2308.942
2309.011,2309.068
2309.129,2309.202
2309.282,2309.344
2309.415,2309.462
2309.539,2309.604
2309.689,2309.722
2309.789,2309.842
2310.059,2311.073
2311.133,2311.19
2311.264,2311.333
2311.394,2311.461
2311.525,2311.583
2311.646,2311.701
2311.773,2311.841
2311.907,2311.963
2475.643,2475.69
2475.752,2475.8
2475.865,2475.912
2475.972,2476.029
2476.099,2476.151
2476.21,2476.258
2476.32,2476.366
2476.433,2476.48
2476.549,2476.592
2476.674,2476.732
2476.797,2476.847
2476.918,2476.955
2477.027,2477.094
2477.166,2477.22
2477.281,2477.337
2477.408,2477.463
2477.533,2477.576
2477.649,2477.713
2477.779,2477.83
2477.902,2477.963
2478.05,2478.104
2478.173,2478.238
2478.306,2478.351
2478.42,2478.493
2478.559,2478.641
2478.684,2478.758
2478.823,2478.881
2478.943,2479.004
2479.077,2479.131
2479.192,2479.289
2479.336,2479.381
2479.448,2479.532
2479.593,2479.634
2479.698,2479.759
2479.837,2479.88
2479.956,2480.049
2480.1,2480.157
2480.238,2480.314
2480.385,2480.463
2480.54,2480.608
2480.694,2480.766
2480.845,2480.927
2481.031,2481.111
2481.297,2481.376
2481.448,2481.496
2481.561,2481.623
2481.7,2481.748
2481.835,2481.896
2481.973,2482.039
2482.1,2482.168
2482.243,2482.305
2482.376,2482.429
2482.675,2482.719
2482.91,2482.965
2483.038,2483.099
2483.174,2483.23
2483.304,2483.359
2483.437,2483.501
2484.86,2484.917
2484.983,2485.048
2485.119,2485.2
2485.273,2485.34
2528.462,2528.487
2659.568,2659.589
2659.658,2659.682
2660.256,2660.281
2660.381,2660.429
2660.488,2660.538
2660.598,2660.658
2660.714,2660.772
2660.83,2660.883
2660.942,2661.009
2661.07,2661.127
2661.187,2661.241
2661.301,2661.363
2661.453,2661.496
2661.55,2661.617
2661.69,2661.735
2661.796,2661.862
2661.934,2661.982
2662.039,2662.113
2662.185,2662.238
2662.298,2662.363
2662.432,2662.483
2662.545,2662.613
2662.695,2662.747
2662.807,2662.876
2662.942,2662.996
2663.053,2663.127
2663.196,2663.24
2663.307,2663.388
2663.445,2663.495
2663.572,2663.63
2663.704,2663.768
2663.829,2663.893
2663.963,2664.035
2664.118,2664.182
2664.256,2664.331
2664.397,2664.489
2664.538,2664.61
2664.679,2664.745
2664.821,2664.884
2664.966,2665.04
2665.111,2665.195
2665.262,2665.327
2665.399,2665.453
2665.518,2665.612
2665.667,2665.732
2665.795,2665.866
2665.949,2666.027
2666.239,2666.28
2666.613,2666.663
2666.739,2666.824
2666.882,2666.946
2667.016,2667.093
2667.165,2667.248
2667.314,2667.391
2667.463,2667.535
2667.621,2667.674
2667.742,2667.815
2667.888,2667.954
2668.028,2668.101
2668.178,2668.24
2668.314,2668.39
2668.462,2668.537
2668.612,2668.693
2668.778,2668.863
2668.935,2668.984
2669.045,2669.138
2669.204,2669.242
2669.33,2669.376
2669.445,2669.518
2669.6,2669.669
2669.731,2669.799
2669.876,2669.925
2669.983,2670.052
2670.128,2670.171
2670.24,2670.315
2670.503,2670.573
2670.641,2670.719
2670.786,2670.848
2670.922,2670.969
2671.043,2671.116
2671.201,2671.278
2671.35,2671.406
2671.463,2671.508
2671.573,2671.666
2671.721,2671.765
2671.834,2671.911
2671.988,2672.037
2672.103,2672.196
2672.252,2672.326
2672.384,2672.433
2672.796,2672.85
2672.922,2672.994
2673.065,2673.14
2673.213,2673.293
2673.366,2673.451
2673.538,2673.648
2673.698,2673.751
2673.82,2673.896
2673.97,2674.04
2674.085,2674.154
2674.24,2674.311
2674.357,2674.42
2674.494,2674.553
2674.619,2674.687
2674.761,2674.82
2674.887,2674.96
2675.046,2675.124
2675.157,2675.233
2675.306,2675.366
2675.435,2675.511
2675.601,2675.667
2675.74,2675.807
2675.859,2675.929
2676.003,2676.063
2676.138,2676.188
2676.258,2676.327
2676.402,2676.454
2676.523,2676.594
2676.672,2676.723
2676.794,2676.865
2676.942,2677.011
2677.089,2677.121
2678.034,2678.08
2678.205,2678.272
2678.338,2678.402
2678.484,2678.529
2678.595,2678.669
2678.74,2678.773
2718.231,2718.281
2718.338,2718.392
2718.45,2718.507
2718.574,2718.636
2718.701,2718.759
2718.821,2718.88
2718.947,2718.998
2853.45,2853.501
2853.557,2853.61
2853.673,2853.734
2853.799,2853.847
2853.906,2853.966
2854.03,2854.086
2854.153,2854.204
2854.269,2854.328
2854.392,2854.457
2854.515,2854.563
2854.63,2854.694
2854.759,2854.838
2854.893,2854.963
2855.028,2855.107
2855.17,2855.224
2855.311,2855.349
2855.411,2855.483
2855.549,2855.601
2855.661,2855.716
2855.787,2855.84
2855.907,2855.973
2856.044,2856.105
2856.173,2856.235
2856.3,2856.353
2856.42,2856.51
2856.553,2856.602
2856.671,2856.73
2856.801,2856.851
2856.919,2856.996
2857.074,2857.128
2857.195,2857.252
2857.324,2857.37
2858.1,2858.177
2858.187,2858.289
2858.334,2858.579
2858.633,2858.69
2858.756,2858.823
2858.894,2858.97
2859.038,2859.114
2859.146,2859.213
2859.258,2859.306
2859.371,2859.438
2859.512,2859.565
2859.619,2859.687
2859.768,2859.819
2859.881,2859.958
2860.036,2860.103
2860.149,2860.219
2860.315,2860.386
2860.428,2860.488
2860.542,2860.603
2860.677,2860.726
2860.799,2860.864
2860.938,2860.99
2861.061,2861.135
2861.211,2861.273
2861.327,2861.403
2861.488,2861.563
2861.634,2861.694
2861.763,2861.83
2861.9,2861.955
2862.026,2862.097
2862.178,2862.227
2862.289,2862.327
2863.928,2863.945
2864.076,2864.14
2864.2,2864.263
2864.345,2864.41
2864.479,2864.545
2864.616,2864.68
2864.738,2864.835
2864.879,2864.936
2865.002,2865.068
2865.144,2865.197
2865.265,2865.335
2865.408,2865.477
2865.533,2865.635
2865.682,2865.736
2865.817,2865.879
2865.955,2866.011
2886.367,2886.384
2886.404,2886.461
2886.514,2886.569
2886.634,2886.701
2886.769,2886.839
2886.898,2886.975
2887.034,2887.105
2887.174,2887.249
2887.312,2887.382
2887.44,2887.509
2887.576,2887.629
2887.697,2887.755
2887.825,2887.894
2887.965,2888.046
2888.12,2888.204
2888.269,2888.328
2888.4,2888.454
2888.529,2888.579
2888.648,2888.712
2888.786,2888.858
2888.928,2888.976
2889.052,2889.114
2889.194,2889.283
2889.343,2889.411
2889.479,2889.539
2889.614,2889.671
2889.743,2889.805
2889.877,2889.938
2890.013,2890.07
2890.148,2890.204
2890.564,2890.615
2890.682,2890.748
2890.821,2890.884
2890.955,2891.016
2891.095,2891.148
2891.22,2891.278
2891.35,2891.413
2891.493,2891.564
2891.624,2891.672
2891.748,2891.819
2891.897,2891.96
2892.013,2892.083
2892.183,2892.215
2892.286,2892.362
2892.436,2892.496
2892.545,2892.616
2892.691,2892.742
2892.808,2892.874
2892.945,2893.01
2893.088,2893.145
2893.206,2893.283
2893.357,2893.435
2893.526,2893.592
2893.63,2893.694
2893.762,2893.818
2893.888,2893.958
2894.032,2894.109
2894.184,2894.269
2894.326,2894.384
2894.454,2894.521
2894.598,2894.654
2894.716,2894.791
2894.868,2894.932
2895.003,2895.076
2895.153,2895.216
2895.271,2895.359
2895.437,2895.518
2895.587,2895.654
2895.693,2895.788
2895.847,2895.902
2895.975,2896.05
2896.129,2896.185
2896.275,2896.349
2896.429,2896.489
2896.562,2896.642
2896.731,2896.772
2896.849,2896.939
2897.022,2897.108
2897.168,2897.241
2897.678,2897.707
2897.75,2897.812
2897.877,2897.943
2898.006,2898.077
2898.149,2898.234
2898.284,2898.361
2898.41,2898.482
2898.556,2898.617
2898.683,2898.745
2898.82,2898.888
2898.89,2898.901
2898.962,2899.032
2899.107,2899.184
2899.257,2899.348
2899.426,2899.517
2899.581,2899.653
2899.699,2899.752
2899.812,2899.878
2900.062,2900.133
2900.205,2900.267
2900.343,2900.395
2944.392,2944.444
2944.5,2944.558
2944.619,2944.679
2944.738,2944.805
2944.865,2944.93
2944.993,2945.042
2945.101,2945.155
2945.226,2945.274
2945.341,2945.396
2945.459,2945.515
2945.581,2945.632
2945.702,2945.749
2945.833,2945.894
2945.964,2946.005
2946.08,2946.126
2946.201,2946.257
2946.328,2946.399
2946.472,2946.528
2946.586,2946.659
2946.733,2946.78
2946.848,2946.915
2946.987,2947.047
2947.098,2947.161
2947.226,2947.273
2947.358,2947.421
2947.493,2947.535
2947.606,2947.674
2947.75,2947.793
2947.862,2947.936
2948.015,2948.081
2948.136,2948.198
2948.26,2948.325
2948.403,2948.452
2948.524,2948.599
2948.701,2948.746
2948.809,2948.875
2948.952,2949.004
2949.065,2949.136
2949.217,2949.267
2949.331,2949.394
2949.474,2949.523
2949.528,2949.549
2949.6,2949.667
2949.743,2949.783
2949.856,2949.918
2949.996,2950.053
2950.128,2950.198
2950.291,2950.336
2950.403,2950.464
2950.541,2950.584
2950.658,2950.726
2950.806,2950.856
2950.93,2950.995
2951.076,2951.116
2951.187,2951.261
2951.338,2951.399
2951.475,2951.52
2951.811,2951.846
2951.887,2951.936
2952.008,2952.069
2952.145,2952.202
2952.279,2952.345
2952.419,2952.484
2952.564,2952.612
2952.689,2952.755
2952.84,2952.884
2952.964,2953.044
2953.117,2953.207
2953.25,2953.318
2953.366,2953.438
2953.51,2953.587
2953.626,2953.696
2953.742,2953.787
2953.866,2953.942
2954.028,2954.071
2954.137,2954.208
2954.282,2954.331
2954.399,2954.469
2954.544,2954.586
2954.662,2954.715
2954.795,2954.857
2955.566,2955.631
2955.708,2955.78
2955.854,2955.922
2955.997,2956.075
2956.152,2956.224
2956.295,2956.367
2956.369,2956.381
2956.453,2956.529
2956.61,2956.687
2956.711,2956.73
2956.783,2956.867
2956.94,2957.029
2957.103,2957.16
2957.218,2957.272
2957.345,2957.415
2957.486,2957.557
2957.63,2957.729
2957.791,2957.868
2957.938,2957.989
2958.069,2958.155
2958.221,2958.286
2958.342,2958.389
2958.459,2958.529
2958.601,2958.662
2958.734,2958.809
2959.445,2959.51
2959.573,2959.642
2959.709,2959.771
2959.821,2959.88
2959.927,2959.991
2960.06,2960.114
2960.185,2960.237
2960.31,2960.365
2960.439,2960.488
2961.26,2961.324
2961.393,2961.461
2961.535,2961.606
2961.643,2961.706
2961.766,2961.831
2961.903,2961.951
3030.341,3030.4
3030.445,3030.494
3030.549,3030.609
3030.671,3030.72
3030.78,3030.842
3030.909,3030.953
3031.008,3031.077
3031.148,3031.216
3031.256,3031.311
3031.371,3031.437
3031.506,3031.549
3031.616,3031.668
3031.743,3031.793
3031.866,3031.915
3031.982,3032.05
3032.122,3032.169
3032.234,3032.31
3032.401,3032.438
3032.498,3032.563
3032.633,3032.693
3032.744,3032.815
3032.888,3032.957
3032.994,3033.066
3033.136,3033.183
3033.278,3033.318
3033.383,3033.465
3033.534,3033.613
3033.638,3033.705
3033.78,3033.844
3033.907,3033.969
3034.037,3034.092
3034.169,3034.226
3034.228,3034.24
3034.295,3034.357
3034.432,3034.489
3034.546,3034.615
3034.692,3034.744
3034.8,3034.876
3034.965,3035.005
3035.066,3035.137
3035.215,3035.265
3035.601,3035.663
3035.737,3035.789
3035.846,3035.916
3035.997,3036.026
3036.102,3036.185
3036.255,3036.302
3036.366,3036.441
3036.517,3036.549
3036.621,3036.693
3036.89,3036.966
3037.045,3037.06
3037.143,3037.217
3037.302,3037.336
3037.412,3037.496
3037.572,3037.599
3037.68,3037.749
3037.843,3037.865
3037.946,3038.018
3038.374,3038.437
3038.513,3038.55
3353.51,3353.564
3353.62,3353.667
3353.725,3353.778
3353.842,3353.894
3354.196,3354.26
3354.319,3354.374
3354.439,3354.491
3354.557,3354.616
3354.684,3354.762
3354.815,3354.875
3354.945,3355.009
3355.077,3355.147
3355.216,3355.285
3355.352,3355.419
3355.489,3355.558
3355.625,3355.672
3355.738,3355.787
3355.877,3355.947
3356.017,3356.106
3356.169,3356.23
3356.306,3356.39
3356.457,3356.554
3356.61,3356.684
3356.721,3356.775
3356.836,3356.911
3356.972,3357.038
3357.092,3357.18
3357.232,3357.289
3357.357,3357.422
3357.493,3357.566
3357.63,3357.702
3357.781,3357.864
3357.927,3358.029
3358.099,3358.175
3358.216,3358.28
3358.335,3358.407
3358.476,3358.525
3358.59,3358.662
3358.736,3358.795
3358.855,3358.959
3359.003,3359.095
3359.134,3359.207
3359.252,3359.343
3359.395,3359.442
3359.512,3359.585
3359.683,3359.72
3359.784,3359.855
3359.925,3359.979
3360.039,3360.115
3360.116,3360.123
3360.185,3360.232
3360.299,3360.369
3360.443,3360.496
3360.559,3360.635
3360.71,3360.764
3360.827,3360.905
3360.981,3361.03
3361.094,3361.17
3361.264,3361.325
3361.391,3361.447
3361.521,3361.588
3362.304,3362.363
3362.432,3362.497
3362.574,3362.643
3362.707,3362.773
3362.817,3362.884
3362.955,3363.006
3363.073,3363.144
3363.219,3363.262
3363.331,3363.408
3363.483,3363.529
3363.596,3363.672
3363.752,3363.818
3363.863,3363.935
3364.008,3364.08
3364.134,3364.197
3364.281,3364.351
3364.427,3364.48
3364.548,3364.626
3364.707,3364.769
3364.826,3364.904
3364.985,3365.054
3365.101,3365.174
3365.255,3365.328
3365.369,3365.444
3365.524,3365.588
3365.638,3365.711
3365.813,3365.863
3365.92,3366.012
3366.08,3366.134
3366.193,3366.275
3366.316,3366.388
3366.471,3366.516
3366.589,3366.658
3366.994,3367.064
3367.143,3367.207
3367.277,3367.356
3367.429,3367.499
3367.557,3367.634
3367.706,3367.76
3367.835,3367.9
3368.415,3368.47
3368.545,3368.61
3368.692,3368.767
3368.832,3368.906
3368.974,3369.035
3369.106,3369.18
3373.635,3373.699
3373.769,3373.839
3373.892,3373.932
3374.104,3374.168
3374.242,3374.306
3374.376,3374.446
3374.519,3374.565
3374.632,3374.69
3374.762,3374.827
3374.898,3374.969
3375.04,3375.112
3375.771,3375.834
3375.905,3375.951
3376.014,3376.077
3376.143,3376.209
3376.282,3376.327
